1,Alisha,Slusarski,Wtlz Power 107 Fm,3273 State St,Middlesex,Middlesex,NJ,8846,956-537-6195,alisha@slusarski.com
2,Maryann,Royster,"Franklin, Peter L Esq",74 S Westgate St,Albany,Albany,NY,12204,907-385-4412,mroyster@royster.com
3,a,a,a,a,a,a,a,a,a,a
4,Veronika,Inouye,C 4 Network Inc,6 Greenleaf Ave,San Jose,Santa Clara,CA,95111,310-498-5651,vinouye@aol.com
5,Bette,Nicka,Sport En Art,6 S 33rd St,Aston,Delaware,PA,19014,856-636-8749,bette_nicka@cox.net
6,Fletcher,Flosi,Post Box Services Plus,394 Manchester Blvd,Rockford,Winnebago,IL,61109,440-780-8425,fletcher.flosi@yahoo.com
7,Yuki,Whobrey,Farmers Insurance Group,1 State Route 27,Taylor,Wayne,MI,48180,602-277-4385,yuki_whobrey@aol.com
8,Gladys,Rim,T M Byxbee Company Pc,322 New Horizon Blvd,Milwaukee,Milwaukee,WI,53207,518-966-7987,gladys.rim@rim.org
9,Meaghan,Garufi,"Bolton, Wilbur Esq",69734 E Carrillo St,Mc Minnville,Warren,TN,37110,773-573-6914,meaghan@hotmail.com
10,Mattie,Poquette,Century Communications,73 State Road 434 E,Phoenix,Maricopa,AZ,85013,408-752-3500,mattie@aol.com
11,Cammy,Albares,"Rousseaux, Michael Esq",56 E Morehead St,Laredo,Webb,TX,78045,410-655-8723,calbares@gmail.com
12,Graciela,Ruta,Buckley Miller & Wright,98 Connecticut Ave Nw,Chagrin Falls,Geauga,OH,44023,732-658-3154,gruta@cox.net
13,Kiley,Caldarera,Feiner Bros,25 E 75th St #69,Los Angeles,Los Angeles,CA,90034,408-540-1785,kiley.caldarera@aol.com
14,Abel,Maclead,Rangoni Of Florence,37275 St  Rt 17m M,Middle Island,Suffolk,NY,11953,931-313-9635,amaclead@gmail.com
15,Minna,Amigon,"Dorl, James J Esq",2371 Jerrold Ave,Kulpsville,Montgomery,PA,19443,815-828-2147,minna_amigon@yahoo.com
16,Kris,Marrier,"King, Christopher A Esq",228 Runamuck Pl #2808,Baltimore,Baltimore City,MD,21224,810-292-9388,kris@gmail.com
17,Sage,Wieser,Truhlar And Truhlar Attys,5 Boston Ave #88,Sioux Falls,Minnehaha,SD,57105,513-570-1893,sage_wieser@cox.net
18,Leota,Dilliard,Commercial Press,7 W Jackson Blvd,San Jose,Santa Clara,CA,95111,313-288-7937,leota@hotmail.com
19,Mitsue,Tollner,Morlong Associates,7 Eads St,Chicago,Cook,IL,60632,504-621-8927,mitsue_tollner@yahoo.com
20,Simona,Morasca,"Chapman, Ross E Esq",3 Mcauley Dr,Ashland,Ashland,OH,44805,631-335-3414,simona@morasca.com
21,Donette,Foller,Printing Dimensions,34 Center St,Hamilton,Butler,OH,45011,610-545-3615,donette.foller@cox.net
22,Lenna,Paprocki,Feltz Printing Service,639 Main St,Anchorage,Anchorage,AK,99501,215-874-1229,lpaprocki@hotmail.com
23,a,a,a,a,a,a,a,a,a,a
24,f,f,f,f,ff,f,f,f,f,f
25,James,Butt,"Benton, John B Jr",6649 N Blue Gum St,New Orleans,Orleans,LA,70116,419-503-2484,jbutt@gmail.com
26,test,test,test,test,test,test,test,test,test,test
